overlap_months,corr_hfgm_vs_backtest,beta_hfgm_on_backtest,tracking_error_ann,avg_return_diff_ann
4,0.8371828154270643,0.8280375852568964,0.06691989960274661,0.30398774067772205
